wdm-wjxjy-800ml,0
wdm-btlcjy-1L,1
wdm-wjxjy-1L,2
cbl-lyxtmj-300g,3
cbl-lyxdbj-300g,4
cbl-hdj-900g,5
wdm-zphy-510g,6
wdm-wjxjy-500ml,7
wdm-wjxjy-1.3L,8
cbl-hdj-300g,9
cbl-lyxsrdbj-300g,10
cbl-lyxtmj-800g,11
cbl-lyxdbj-800g,12
wdm-btlcjy-500ml,13
wdm-cxhy-510g,14
wdm-qxmc-460ml,15
wdm-cxmc-460ml,16
wdm-cxmc-1.3L,17
wdm-wjxjy-1.8L,18
lyx-hsjy-500ml,19
wdm-zplj-450ml,20
wdm-spjbsc-500ml,21
wdm-wjxjy-2L,22
wdm-spjbsc-1.3L,23
cbl-lyxdbj-500g,24
lyx-tjyzjy-500ml,25
lyx-tjjy-500ml,26
wdm-qxmc-190ml,27
lyx-tjjy-160ml,28
lyx-tjdyjy-375ml,29
lyx-tjjy-1L,30
lyx-nmzyjy-380ml,31
lyx-hsjy-1L,32
cbl-lhdj-300g,33
cbl-lhdj-900g,34
cbl-hdj-500g,35
lyx-tjjy-2L,36
cbl-lyxljj-300g,37
cbl-lyxtmj-500g,38
cbl-hdj-800g,39
wdm-spjbsc-1.8L,40
wdm-cxmc-1.8L,41
cbl-lyxljj-500g,42
lyx-nmzyjy-160ml,43
wdm-spsc-2L,44
wdm-wjxjy-3.78L,45
wdm-stj-580g,46
cbl-hdj-2kg,47
wdmwjxjy500ml,48
cbl-hdj-700g,49
lyx-tjyzjy-160ml,50
wdm-btlcjy-800ml,51
lyx-hsjy-160ml,52
lyx-tjjy-885ml,53
cbl-srhdj-718g,54
cbl-lyxljj-800g,55
ccbl-lyxdbj-300g,56
wdm-btlcjy-1.8L,57
cbl-lyxsrdbj-500g,58
